[
    {
        "ataquesPermitidos": [],
        "base": {
            "atk": 60.0,
            "def": 100.0,
            "hp": 70.0
        },
        "especie": "Blaspenis",
        "id": "05",
        "tipo": "water"
    },
    {
        "ataquesPermitidos": [
            "Scratch"
        ],
        "base": {
            "atk": 90.0,
            "def": 90.0,
            "hp": 90.0
        },
        "especie": "Cleito",
        "tipo": "neutral"
    },
    {
        "ataquesPermitidos": [],
        "base": {
            "atk": 50,
            "def": 20,
            "hp": 25
        },
        "especie": "Palchu",
        "id": "02",
        "tipo": "electric"
    },
    {
        "ataquesPermitidos": [
            "Scratch"
        ],
        "base": {
            "atk": 80,
            "def": 65,
            "hp": 60
        },
        "especie": "Palrizard",
        "id": "01",
        "tipo": "fire"
    },
    {
        "ataquesPermitidos": [
            "Bilolada"
        ],
        "base": {
            "atk": 100,
            "def": 100,
            "hp": 100
        },
        "especie": "Palteon",
        "id": "04",
        "tipo": "dark"
    },
    {
        "ataquesPermitidos": [],
        "base": {
            "atk": 72,
            "def": 45,
            "hp": 45
        },
        "especie": "Vulpika",
        "id": "03",
        "tipo": "fire"
    }
]
